<?xml version="1.0" encoding="UTF-8"?>
<beans xmlns="http://www.springframework.org/schema/beans"
	xmlns:xsi="http://www.w3.org/2001/XMLSchema-instance" 
	xsi:schemaLocation="http://www.springframework.org/schema/beans http://www.springframework.org/schema/beans/spring-beans-4.0.xsd">

<bean name="fidelitypay" autowire="byType" class="com.pack.practice.Employee" >
<property name="id">
<value>3456</value>
</property>


<property name="name">
<value>Geetha</value>
</property>
</bean>


<bean name="address" class="com.pack.practice.Address" >

<property name="city">
<value>Chennai</value>
</property>


<property name="state">
<value>Tamilnadu</value>
</property>

</bean>




</beans>