<?xml version="1.0" encoding="UTF-8"?>
<beans xmlns="http://www.springframework.org/schema/beans"
    xmlns:xsi="http://www.w3.org/2001/XMLSchema-instance"  
    xsi:schemaLocation="http://www.springframework.org/schema/beans http://www.springframework.org/schema/beans/spring-beans.xsd">
    <bean name="fidelitypay" class="AutoWiring.Employee" autowire="byType">
    <property name="id">
    <value>3456</value>
    </property>
    <property name="name">
    <value>Rintu</value>
    </property>
    </bean>
    <bean name="address" class="AutoWiring.Address">
      <property name="city">
      <value>Chennai</value>
      </property>
    
      <property name="state">
      <value>Tamilnadu</value>
      </property>
    </bean>
    <bean name="address1" class="AutoWiring.Address" >
    <property name="city">
    <value>Chennaii</value>
    </property>
    
    <property name="state">
    <value>Tamilnaduu</value>
    </property>
    
    
    </bean>
    </beans>